tar_name,filepath,hash
p3_hourly_timeseries_png_bf0cda57,3_visualize/out/hourly_timeseries_png/hourly_data_01413500.png,1913fff375a94f56
p3_hourly_timeseries_png_f0a1f8d8,3_visualize/out/hourly_timeseries_png/hourly_data_01414500.png,5aa0c4db2dbef3d9
p3_hourly_timeseries_png_8a56f7ae,3_visualize/out/hourly_timeseries_png/hourly_data_01415000.png,cccea62f777e6df8
p3_hourly_timeseries_png_da14fd3b,3_visualize/out/hourly_timeseries_png/hourly_data_01423000.png,26c09b27c88ca29a
p3_hourly_timeseries_png_1592020b,3_visualize/out/hourly_timeseries_png/hourly_data_01427207.png,3747c251f245a802
p3_hourly_timeseries_png_39c5d064,3_visualize/out/hourly_timeseries_png/hourly_data_01427510.png,461711425c347958
p3_hourly_timeseries_png_0bd0c2bf,3_visualize/out/hourly_timeseries_png/hourly_data_01432160.png,8c02cd7524a6ac02
p3_hourly_timeseries_png_4382c2c3,3_visualize/out/hourly_timeseries_png/hourly_data_01433005.png,c05550ab01c84935
p3_hourly_timeseries_png_907d25c4,3_visualize/out/hourly_timeseries_png/hourly_data_01433500.png,fb688d3c03f66ada
p3_hourly_timeseries_png_8327d3c3,3_visualize/out/hourly_timeseries_png/hourly_data_01434000.png,a02e38d0a8249c24
p3_hourly_timeseries_png_004085af,3_visualize/out/hourly_timeseries_png/hourly_data_0143400680.png,25900ca600e1c7b0
p3_hourly_timeseries_png_28160b09,3_visualize/out/hourly_timeseries_png/hourly_data_01434017.png,cf2a4904b0935415
p3_hourly_timeseries_png_ec218579,3_visualize/out/hourly_timeseries_png/hourly_data_01434021.png,eda370eeb2694f40
p3_hourly_timeseries_png_b97dd674,3_visualize/out/hourly_timeseries_png/hourly_data_01434025.png,177766265bfd8e93
p3_hourly_timeseries_png_58f9d659,3_visualize/out/hourly_timeseries_png/hourly_data_01434498.png,5d359aebcc74750b
p3_hourly_timeseries_png_bdd5881f,3_visualize/out/hourly_timeseries_png/hourly_data_01435000.png,1a7cd29bafb0046e
p3_hourly_timeseries_png_8f7ccd2e,3_visualize/out/hourly_timeseries_png/hourly_data_01436000.png,cd343d65d8b43a3c
p3_hourly_timeseries_png_fcf4f886,3_visualize/out/hourly_timeseries_png/hourly_data_01436655.png,63ea2f2698fed72d
p3_hourly_timeseries_png_d0306d97,3_visualize/out/hourly_timeseries_png/hourly_data_01436690.png,4c2dbee6c91f1708
p3_hourly_timeseries_png_86912cb5,3_visualize/out/hourly_timeseries_png/hourly_data_01437100.png,cef87e1eba20b15f
p3_hourly_timeseries_png_0ce31569,3_visualize/out/hourly_timeseries_png/hourly_data_01437349.png,08b474fd56d4c769
p3_hourly_timeseries_png_a7e16df3,3_visualize/out/hourly_timeseries_png/hourly_data_01437400.png,a3da8e189a31ba82
p3_hourly_timeseries_png_9690bfcc,3_visualize/out/hourly_timeseries_png/hourly_data_01437500.png,064caa95b3dc1863
p3_hourly_timeseries_png_5d89124d,3_visualize/out/hourly_timeseries_png/hourly_data_01438500.png,6abd7fcc1d84c74e
p3_hourly_timeseries_png_fafa77fb,3_visualize/out/hourly_timeseries_png/hourly_data_01439500.png,2498a9b266995b1a
p3_hourly_timeseries_png_fd07209d,3_visualize/out/hourly_timeseries_png/hourly_data_01440000.png,5d6c512c7c29b34e
p3_hourly_timeseries_png_61f64318,3_visualize/out/hourly_timeseries_png/hourly_data_01440400.png,a508a37d0e0f86ea
p3_hourly_timeseries_png_5acafcf9,3_visualize/out/hourly_timeseries_png/hourly_data_01443500.png,6230aed65d608e8a
p3_hourly_timeseries_png_3ed442fd,3_visualize/out/hourly_timeseries_png/hourly_data_01446500.png,0cb6cad59bfe74e7
p3_hourly_timeseries_png_76eca262,3_visualize/out/hourly_timeseries_png/hourly_data_01451380.png,ea328f02b5c9742e
p3_hourly_timeseries_png_90cabfe5,3_visualize/out/hourly_timeseries_png/hourly_data_01451400.png,d8b8795e8859be6c
p3_hourly_timeseries_png_b9f3c612,3_visualize/out/hourly_timeseries_png/hourly_data_01451467.png,87223c4150e6ebe7
p3_hourly_timeseries_png_b8f11baf,3_visualize/out/hourly_timeseries_png/hourly_data_01451500.png,85f99bd5a3253334
p3_hourly_timeseries_png_21a58516,3_visualize/out/hourly_timeseries_png/hourly_data_01451630.png,e2538fbd5e7f7433
p3_hourly_timeseries_png_af671ddb,3_visualize/out/hourly_timeseries_png/hourly_data_01451650.png,945e2f75d2a6685a
p3_hourly_timeseries_png_edc9e0cd,3_visualize/out/hourly_timeseries_png/hourly_data_01451800.png,a38817a18c2984d7
p3_hourly_timeseries_png_fc01e3be,3_visualize/out/hourly_timeseries_png/hourly_data_01454700.png,343e16bd5288d835
p3_hourly_timeseries_png_bb2233c9,3_visualize/out/hourly_timeseries_png/hourly_data_01458500.png,49236313b2b5ac0b
p3_hourly_timeseries_png_1b9d38ea,3_visualize/out/hourly_timeseries_png/hourly_data_01463500.png,263cad430d696fc5
p3_hourly_timeseries_png_26c3cd3e,3_visualize/out/hourly_timeseries_png/hourly_data_01464290.png,ca5dcd4312847410
p3_hourly_timeseries_png_2b8b2fbe,3_visualize/out/hourly_timeseries_png/hourly_data_01464500.png,da408c47338c373a
p3_hourly_timeseries_png_1f2e4bc0,3_visualize/out/hourly_timeseries_png/hourly_data_01465500.png,6f38ee7e7178ed98
p3_hourly_timeseries_png_415c6334,3_visualize/out/hourly_timeseries_png/hourly_data_01465850.png,4050dd11dd0de836
p3_hourly_timeseries_png_c6385b1c,3_visualize/out/hourly_timeseries_png/hourly_data_0146587310.png,ef5e9bbc4a6be186
p3_hourly_timeseries_png_e3bbceeb,3_visualize/out/hourly_timeseries_png/hourly_data_01465880.png,9d0cc1975f10d2eb
p3_hourly_timeseries_png_b21994cb,3_visualize/out/hourly_timeseries_png/hourly_data_01466500.png,b9e97681c6e9eab7
p3_hourly_timeseries_png_387aa289,3_visualize/out/hourly_timeseries_png/hourly_data_01466900.png,e338b9bcb3d16165
p3_hourly_timeseries_png_31c51dbb,3_visualize/out/hourly_timeseries_png/hourly_data_01467000.png,80a34c4cae317be2
p3_hourly_timeseries_png_8f101e62,3_visualize/out/hourly_timeseries_png/hourly_data_01467005.png,6eedea3b246772f2
p3_hourly_timeseries_png_33137eca,3_visualize/out/hourly_timeseries_png/hourly_data_014670261.png,b205547aeff18bfe
p3_hourly_timeseries_png_eb5cd725,3_visualize/out/hourly_timeseries_png/hourly_data_01467081.png,e2495d7c15c01e99
p3_hourly_timeseries_png_39409f14,3_visualize/out/hourly_timeseries_png/hourly_data_01467087.png,57b38748116ebc1f
p3_hourly_timeseries_png_31599ce8,3_visualize/out/hourly_timeseries_png/hourly_data_01467150.png,0594d7dd98970142
p3_hourly_timeseries_png_ccce92b0,3_visualize/out/hourly_timeseries_png/hourly_data_01467200.png,723ae1e688581122
p3_hourly_timeseries_png_95416fa6,3_visualize/out/hourly_timeseries_png/hourly_data_01468500.png,81f84af2315429d8
p3_hourly_timeseries_png_4fbc00e0,3_visualize/out/hourly_timeseries_png/hourly_data_01473000.png,32749d27216831d6
p3_hourly_timeseries_png_3bca2227,3_visualize/out/hourly_timeseries_png/hourly_data_01473169.png,92549f8f8bb79210
p3_hourly_timeseries_png_336eefa7,3_visualize/out/hourly_timeseries_png/hourly_data_01473500.png,2f2b39653d5c8689
p3_hourly_timeseries_png_52e3fac0,3_visualize/out/hourly_timeseries_png/hourly_data_01474500.png,b6abc009601c69b4
p3_hourly_timeseries_png_ed62eafa,3_visualize/out/hourly_timeseries_png/hourly_data_01474703.png,171abcc6d95d3b74
p3_hourly_timeseries_png_6a0fe6cb,3_visualize/out/hourly_timeseries_png/hourly_data_01475510.png,b6c775a0613954a5
p3_hourly_timeseries_png_bf3ac6c4,3_visualize/out/hourly_timeseries_png/hourly_data_01475530.png,bf2dcfaccfb16b1f
p3_hourly_timeseries_png_799e1a36,3_visualize/out/hourly_timeseries_png/hourly_data_01475548.png,1420d0221de55871
p3_hourly_timeseries_png_7054a3e2,3_visualize/out/hourly_timeseries_png/hourly_data_01475553.png,39da674f84c62c7e
p3_hourly_timeseries_png_ceadaedd,3_visualize/out/hourly_timeseries_png/hourly_data_01477050.png,8eee0656043edfdf
p3_hourly_timeseries_png_594074db,3_visualize/out/hourly_timeseries_png/hourly_data_01477070.png,8f61f1b504571f61
p3_hourly_timeseries_png_791e1d3b,3_visualize/out/hourly_timeseries_png/hourly_data_01477120.png,9b40ef61e847cd25
p3_hourly_timeseries_png_fb73919e,3_visualize/out/hourly_timeseries_png/hourly_data_01478000.png,6520d3381c5e63ef
p3_hourly_timeseries_png_780cfe60,3_visualize/out/hourly_timeseries_png/hourly_data_01478100.png,b34a563067bb5d87
p3_hourly_timeseries_png_57b3f13b,3_visualize/out/hourly_timeseries_png/hourly_data_01478120.png,d492a8d943e0c6e6
p3_hourly_timeseries_png_93babb9c,3_visualize/out/hourly_timeseries_png/hourly_data_01478137.png,7425304e83c0e908
p3_hourly_timeseries_png_b80f964e,3_visualize/out/hourly_timeseries_png/hourly_data_01478185.png,233fcc2788c92d77
p3_hourly_timeseries_png_04ba69c9,3_visualize/out/hourly_timeseries_png/hourly_data_01478220.png,58a9dcf36120bd15
p3_hourly_timeseries_png_992a3eb1,3_visualize/out/hourly_timeseries_png/hourly_data_01478245.png,bfe7253cc02261ca
p3_hourly_timeseries_png_e610097e,3_visualize/out/hourly_timeseries_png/hourly_data_01478650.png,31e998d6690127de
p3_hourly_timeseries_png_294a2463,3_visualize/out/hourly_timeseries_png/hourly_data_01478950.png,3bd6174d7313f49f
p3_hourly_timeseries_png_bf1be2e4,3_visualize/out/hourly_timeseries_png/hourly_data_01479000.png,d48d42930116cf30
p3_hourly_timeseries_png_6a44733d,3_visualize/out/hourly_timeseries_png/hourly_data_01480000.png,bd47e323912a8b89
p3_hourly_timeseries_png_ea44c8fd,3_visualize/out/hourly_timeseries_png/hourly_data_01480025.png,36231291673111c6
p3_hourly_timeseries_png_3fad5dff,3_visualize/out/hourly_timeseries_png/hourly_data_01480617.png,c30e123625fd505f
p3_hourly_timeseries_png_65bce54c,3_visualize/out/hourly_timeseries_png/hourly_data_01480870.png,f03d8cf0fe7c404d
p3_hourly_timeseries_png_56658c4d,3_visualize/out/hourly_timeseries_png/hourly_data_01481000.png,b2c2bf2cbe479405
p3_hourly_timeseries_png_3c6bb9da,3_visualize/out/hourly_timeseries_png/hourly_data_01481500.png,459c8047528c9e1a
p3_hourly_timeseries_png_d7a6f84e,3_visualize/out/hourly_timeseries_png/hourly_data_01482504.png,e45d0a99343f1758
p3_hourly_timeseries_png_dc1659b8,3_visualize/out/hourly_timeseries_png/hourly_data_01482537.png,88afbe7a2ac9d1bb
p3_hourly_timeseries_png_2f3b07da,3_visualize/out/hourly_timeseries_png/hourly_data_01483155.png,77f7fc2992bd9acc
p3_hourly_timeseries_png_7f20d20b,3_visualize/out/hourly_timeseries_png/hourly_data_01483700.png,63e69327d5a5cc83
p3_hourly_timeseries_png_4bff8b1c,3_visualize/out/hourly_timeseries_png/hourly_data_01484100.png,724817571f28c0bf
p3_hourly_timeseries_png_ac641fbd,3_visualize/out/hourly_timeseries_png/hourly_data_403447075331801.png,a5428fc40ca5fd8f
